Product Name,Category,Price,Rating,Product Image URL,Product Link,Available
Care Cosmetics Care's Antidandruff shampoo with Punica Granatum Peel Extract - 100ml -Pack of 2,Personal Care,257,N/A,https://rukminim3.flixcart.com/image/546/564/xif0q/shampoo/r/e/m/200-care-s-antidandruff-shampoo-with-punica-granatum-peel-original-imagzytegvbgg8yq.jpeg?q=60,https://www.shopsy.in/care-cosmetics-cares-antidandruff-shampoo-with-punica-granatum-peel-extract-100ml-pack-of-2/p/itm430b7f7bc868d?pid=XLPHDR9YZVM9YZVH&lid=LSTXLPHDR9YZVM9YZVHIJPFCH&marketplace=FLIPKART,yes
Care Cosmetics Apple Day Cream with Apple juice to improve skin complexion - 50gm - Pack of 2,Personal Care,386,N/A,https://rukminim3.flixcart.com/image/546/564/xif0q/moisturizer-cream/w/w/q/100-apple-day-cream-with-apple-juice-to-improve-skin-complexion-original-imagnza7zz8tpa9c.jpeg?q=60,https://www.shopsy.in/care-cosmetics-apple-day-cream-with-apple-juice-to-improve-skin-complexion-50gm-pack-of-2/p/itm430b7f7bc868d?pid=XLPHDR9YZVM9YZVH&lid=LSTXLPHDR9YZVM9YZVHIJPFCH&marketplace=FLIPKART,no
Care Cosmetics Care's Chicknut Face Pack with Chikoo for sensitive skin - 60gm - Pack of 2,Personal Care,460,N/A,https://rukminim3.flixcart.com/image/546/564/xif0q/face-pack/g/m/c/120-care-s-chicknut-face-pack-with-chikoo-for-sensitive-skin-original-imagnx9bfgbyfhqb.jpeg?q=60,https://www.shopsy.in/care-cosmetics-cares-chicknut-face-pack-with-chikoo-for-sensitive-skin-60gm-pack-of-2/p/itm430b7f7bc868d?pid=XLPHDR9YZVM9YZVH&lid=LSTXLPHDR9YZVM9YZVHIJPFCH&marketplace=FLIPKART,yes
Care Cosmetics Care's Strawberry Whitening Cream with Milk Aloe Green Tea - 50gm - Pack of 2,Personal Care,584,N/A,https://rukminim3.flixcart.com/image/546/564/xif0q/moisturizer-cream/q/n/k/100-care-s-strawberry-whitening-cream-with-milk-aloe-green-tea-original-imagz2qvzd3yvwfj.jpeg?q=60,https://www.shopsy.in/care-cosmetics-cares-strawberry-whitening-cream-with-milk-aloe-green-tea-50gm-pack-of-2/p/itm430b7f7bc868d?pid=XLPHDR9YZVM9YZVH&lid=LSTXLPHDR9YZVM9YZVHIJPFCH&marketplace=FLIPKART,no
Care Cosmetics Cream - 50gm each - pack of 2,Personal Care,591,N/A,https://rukminim3.flixcart.com/image/546/564/xif0q/moisturizer-cream/4/i/g/100-care-s-frumassage-cream-50gm-each-pack-of-2-na-cream-care-original-imagz2rru5u6jgrv.jpeg?q=60,https://www.shopsy.in/care-cosmetics-cream-50gm-each-pack-of-2/p/itm430b7f7bc868d?pid=XLPHDR9YZVM9YZVH&lid=LSTXLPHDR9YZVM9YZVHIJPFCH&marketplace=FLIPKART,yes
"Medibar Personal Lubricant for Men & Women, Long Lasting Pleasure Lubricant",Personal Care,221,N/A,https://rukminim3.flixcart.com/image/546/564/xif0q/shopsy-lubricant/i/h/r/99-personal-lubricant-for-men-women-long-lasting-pleasure-1-original-imah7n2ycj39fgm7.jpeg?q=60,https://www.shopsy.in/medibar-personal-lubricant-for-men-women-long-lasting-pleasure-lubricant/p/itm430b7f7bc868d?pid=XLPHDR9YZVM9YZVH&lid=LSTXLPHDR9YZVM9YZVHIJPFCH&marketplace=FLIPKART,yes
notty boy EXTRA TIME GEL FOR MEN Lubricant,Personal Care,311,N/A,https://rukminim3.flixcart.com/image/546/564/xif0q/shopsy-lubricant/y/9/q/20-extra-time-gel-for-men-1-notty-boy-original-imah8vrgrzmevnyx.jpeg?q=60,https://www.shopsy.in/notty-boy-extra-time-gel-for-men-lubricant/p/itm430b7f7bc868d?pid=XLPHDR9YZVM9YZVH&lid=LSTXLPHDR9YZVM9YZVHIJPFCH&marketplace=FLIPKART,yes
Retail basket Gel Socks for Women & Men | Silicone Cushions for Support HG5 Heel Repair Heel Support,Personal Care,190,N/A,https://rukminim3.flixcart.com/image/546/564/xif0q/support/4/m/k/na-free-size-silicone-gel-heel-socks-for-dry-hard-cracked-heels-original-imagpf67yff6dshh.jpeg?q=60,https://www.shopsy.in/retail-basket-gel-socks-for-women-men-silicone-cushions-for-support-hg5-heel-repair-heel-support/p/itm430b7f7bc868d?pid=XLPHDR9YZVM9YZVH&lid=LSTXLPHDR9YZVM9YZVHIJPFCH&marketplace=FLIPKART,no
Healthibuds 7 Herbs Himalayan Shilajit Gold Resin for Men & Women 40g | Rich in Fulvic Acid,Personal Care,"2,184",3.9,https://rukminim3.flixcart.com/image/546/564/xif0q/shopsy-ayurvedic/u/e/a/7-herbs-himalayan-shilajit-gold-resin-for-men-women-40g-rich-in-original-imahghbznnqqakue.jpeg?q=60,https://www.shopsy.in/healthibuds-7-herbs-himalayan-shilajit-gold-resin-for-men-women-40g-rich-in-fulvic-acid/p/itm430b7f7bc868d?pid=XLPHDR9YZVM9YZVH&lid=LSTXLPHDR9YZVM9YZVHIJPFCH&marketplace=FLIPKART,no
Dazzel Flex 538 Rechargeable Trimmer for MEN/WOMEN Fully Waterproof Trimmer  Runtime: 60 min Trimmer for Men,Personal Care,300,N/A,https://rukminim3.flixcart.com/image/546/564/xif0q/trimmer/5/e/c/0-25-4-mm-at-538-trimmer-stainless-steel-cordless-dazzel-flex-original-imahafq5aeaj5zgz.jpeg?q=60,https://www.shopsy.in/dazzel-flex-538-rechargeable-trimmer-for-menwomen-fully-waterproof-trimmer-runtime-60-min-trimmer-for-men/p/itm430b7f7bc868d?pid=XLPHDR9YZVM9YZVH&lid=LSTXLPHDR9YZVM9YZVHIJPFCH&marketplace=FLIPKART,yes
Healthibuds 7 Herbs Himalayan Shilajit Gold Resin for Men & Women 40g | Rich in Fulvic Acid,Personal Care,"2,184",N/A,https://rukminim3.flixcart.com/image/546/564/xif0q/shopsy-ayurvedic/u/e/a/7-herbs-himalayan-shilajit-gold-resin-for-men-women-40g-rich-in-original-imahghbznnqqakue.jpeg?q=60,https://www.shopsy.in/healthibuds-7-herbs-himalayan-shilajit-gold-resin-for-men-women-40g-rich-in-fulvic-acid/p/itm430b7f7bc868d?pid=XLPHDR9YZVM9YZVH&lid=LSTXLPHDR9YZVM9YZVHIJPFCH&marketplace=FLIPKART,no
smartdrops Smooth Texture Deodorant Cream for Daily Routine For All Skin Type Deodorant Cream  -  For Men & Women,Personal Care,199,N/A,https://rukminim3.flixcart.com/image/546/564/xif0q/deodorant/v/l/v/120-gentle-deodorant-cream-with-mild-fragrance-for-comfort-for-original-imahggzzeaxz2j5c.jpeg?q=60,https://www.shopsy.in/smartdrops-smooth-texture-deodorant-cream-for-daily-routine-for-all-skin-type-deodorant-cream-for-men-women/p/itm430b7f7bc868d?pid=XLPHDR9YZVM9YZVH&lid=LSTXLPHDR9YZVM9YZVHIJPFCH&marketplace=FLIPKART,yes
Waikil Professional MaxtopT99 Rechargeable Cordless Electric Blade Beard Trimmer N72  Runtime: 120 min Trimmer for Men & Women,Personal Care,151,3.5,https://rukminim3.flixcart.com/image/546/564/xif0q/shopsy-trimmer/e/2/u/trimmer-0-25-9-mm-titanium-coated-professional-maxtopt99-original-imahekwcbzzq8z5h.jpeg?q=60,https://www.shopsy.in/waikil-professional-maxtopt99-rechargeable-cordless-electric-blade-beard-trimmer-n72-runtime-120-min-trimmer-for-men-women/p/itm430b7f7bc868d?pid=XLPHDR9YZVM9YZVH&lid=LSTXLPHDR9YZVM9YZVHIJPFCH&marketplace=FLIPKART,no
"Medibar Personal Lubricant for Men & Women, Long Lasting Pleasure Lubricant",Personal Care,221,4,https://rukminim3.flixcart.com/image/546/564/xif0q/shopsy-lubricant/i/h/r/99-personal-lubricant-for-men-women-long-lasting-pleasure-1-original-imah7n2ycj39fgm7.jpeg?q=60,https://www.shopsy.in/medibar-personal-lubricant-for-men-women-long-lasting-pleasure-lubricant/p/itm430b7f7bc868d?pid=XLPHDR9YZVM9YZVH&lid=LSTXLPHDR9YZVM9YZVHIJPFCH&marketplace=FLIPKART,no
notty boy EXTRA TIME GEL FOR MEN Lubricant,Personal Care,311,N/A,https://rukminim3.flixcart.com/image/546/564/xif0q/shopsy-lubricant/y/9/q/20-extra-time-gel-for-men-1-notty-boy-original-imah8vrgrzmevnyx.jpeg?q=60,https://www.shopsy.in/notty-boy-extra-time-gel-for-men-lubricant/p/itm430b7f7bc868d?pid=XLPHDR9YZVM9YZVH&lid=LSTXLPHDR9YZVM9YZVHIJPFCH&marketplace=FLIPKART,yes
BRIT ACCENT | Perfume Gift Pack for Men | 5 x 8ml | Premium Fragrances | Eau de Toilette  -  40 ml,Personal Care,135,N/A,https://rukminim3.flixcart.com/image/546/564/xif0q/perfume/z/i/3/40-perfume-gift-pack-for-men-5-x-8ml-premium-fragrances-eau-de-original-imahga9zstkyzqt5.jpeg?q=60,https://www.shopsy.in/brit-accent-perfume-gift-pack-for-men-5-x-8ml-premium-fragrances-eau-de-toilette-40-ml/p/itm430b7f7bc868d?pid=XLPHDR9YZVM9YZVH&lid=LSTXLPHDR9YZVM9YZVHIJPFCH&marketplace=FLIPKART,no
AXE Dark Temptation & Intense Deodorant Spray  -  For Men,Personal Care,161,4,https://rukminim3.flixcart.com/image/546/564/xif0q/deodorant/2/4/a/-original-imah32rjvtyevcbs.jpeg?q=60,https://www.shopsy.in/axe-dark-temptation-intense-deodorant-spray-for-men/p/itm430b7f7bc868d?pid=XLPHDR9YZVM9YZVH&lid=LSTXLPHDR9YZVM9YZVHIJPFCH&marketplace=FLIPKART,no
"MUUCHSTAC Ocean for Men, Fights Acne & Pimple, Skin Brightening, All Skin Types Face Wash",Personal Care,150,4.1,https://rukminim3.flixcart.com/image/546/564/xif0q/face-wash/5/1/k/100-ocean-for-men-fights-acne-pimple-skin-brightening-all-skin-original-imahajnft9f9hfjc.jpeg?q=60,https://www.shopsy.in/muuchstac-ocean-for-men-fights-acne-pimple-skin-brightening-all-skin-types-face-wash/p/itm430b7f7bc868d?pid=XLPHDR9YZVM9YZVH&lid=LSTXLPHDR9YZVM9YZVHIJPFCH&marketplace=FLIPKART,yes
BRUT Original Deodorant Spray for Men Deodorant Spray  -  For Men,Personal Care,159,3.9,https://rukminim3.flixcart.com/image/546/564/xif0q/deodorant/m/2/u/400-0-original-deodorant-spray-for-men-2-deodorant-spray-brut-original-imahckxdt7gbahgs.jpeg?q=60,https://www.shopsy.in/brut-original-deodorant-spray-for-men-deodorant-spray-for-men/p/itm430b7f7bc868d?pid=XLPHDR9YZVM9YZVH&lid=LSTXLPHDR9YZVM9YZVHIJPFCH&marketplace=FLIPKART,no
"BEARDO Godfather Perfume | Premium, Strong & Long Lasting Fragrance | Aromatic | Gift Eau de Parfum  -  20 ml",Personal Care,129,4.1,https://rukminim3.flixcart.com/image/546/564/xif0q/perfume/d/g/l/-original-imahgfz5hznzxtaz.jpeg?q=60,https://www.shopsy.in/beardo-godfather-perfume-premium-strong-long-lasting-fragrance-aromatic-gift-eau-de-parfum-20-ml/p/itm430b7f7bc868d?pid=XLPHDR9YZVM9YZVH&lid=LSTXLPHDR9YZVM9YZVHIJPFCH&marketplace=FLIPKART,no
Bladeshine T9 Professional Hair Trimmer for Men | Cordless Rechargeable Beard Trimmer  Runtime: 35 min Trimmer for Men & Women,Personal Care,149,3.5,https://rukminim3.flixcart.com/image/546/564/xif0q/shopsy-trimmer/4/4/v/trimmer-1-4-mm-ceramic-t9-professional-hair-trimmer-for-men-original-imahd3qzgudsehmy.jpeg?q=60,https://www.shopsy.in/bladeshine-t9-professional-hair-trimmer-for-men-cordless-rechargeable-beard-trimmer-runtime-35-min-trimmer-for-men-women/p/itm430b7f7bc868d?pid=XLPHDR9YZVM9YZVH&lid=LSTXLPHDR9YZVM9YZVHIJPFCH&marketplace=FLIPKART,no
FlyTouch Face & Chin Shaping Tool for Men and Women | Define Jawline Naturally Jawline Exerciser for Daily Use | Slim Jaw & Reduce Face Puffiness Massager,Personal Care,137,3.5,https://rukminim3.flixcart.com/image/546/564/xif0q/face-shaping-mask/y/0/o/jawline-exerciser-silicone-ball-face-contour-neck-firming-chin-original-imahe925rezvanwz.jpeg?q=60,https://www.shopsy.in/flytouch-face-chin-shaping-tool-for-men-and-women-define-jawline-naturally-jawline-exerciser-for-daily-use-slim-jaw-reduce-face-puffiness-massager/p/itm430b7f7bc868d?pid=XLPHDR9YZVM9YZVH&lid=LSTXLPHDR9YZVM9YZVHIJPFCH&marketplace=FLIPKART,yes
Trendy styler Standard MaxtopT99 Rechargeable Cordless Electric Blade Beard Trimmer N64  Runtime: 120 min Trimmer for Men,Personal Care,154,3.7,https://rukminim3.flixcart.com/image/546/564/xif0q/shopsy-trimmer/2/5/z/-original-imahcz5cpgarcw3v.jpeg?q=60,https://www.shopsy.in/trendy-styler-standard-maxtopt99-rechargeable-cordless-electric-blade-beard-trimmer-n64-runtime-120-min-trimmer-for-men/p/itm430b7f7bc868d?pid=XLPHDR9YZVM9YZVH&lid=LSTXLPHDR9YZVM9YZVHIJPFCH&marketplace=FLIPKART,yes
WENGONVILA Manual Nose & Ear Hair Trimmer for Men & Women Best Quality Stainless Steel Nose Hair Remover  Runtime: 10 min Trimmer for Men & Women,Personal Care,150,N/A,https://rukminim3.flixcart.com/image/546/564/xif0q/shopsy-trimmer/u/o/8/trimmer-na-stainless-steel-manual-nose-ear-hair-trimmer-for-men-original-imahf4qkmjvzuhbh.jpeg?q=60,https://www.shopsy.in/wengonvila-manual-nose-ear-hair-trimmer-for-men-women-best-quality-stainless-steel-nose-hair-remover-runtime-10-min-trimmer-for-men-women/p/itm430b7f7bc868d?pid=XLPHDR9YZVM9YZVH&lid=LSTXLPHDR9YZVM9YZVHIJPFCH&marketplace=FLIPKART,no
"R FASHION Ice Roller, Face Stone Roller Massager with Gua Sha Stone Set Facial Roller and Natural Stone Jade Roller For Skin Eye Neck Body Ice Cube Roller Women Men Massager",Personal Care,126,3.9,https://rukminim3.flixcart.com/image/546/564/xif0q/shopsy-massager/n/s/p/101-khushu-original-imagqcwwaayymgdk.jpeg?q=60,https://www.shopsy.in/r-fashion-ice-roller-face-stone-roller-massager-with-gua-sha-stone-set-facial-roller-and-natural-stone-jade-roller-for-skin-eye-neck-body-ice-cube-roller-women-men-massager/p/itm430b7f7bc868d?pid=XLPHDR9YZVM9YZVH&lid=LSTXLPHDR9YZVM9YZVHIJPFCH&marketplace=FLIPKART,no
"Trendy styler Sensational Metal Professional Beard, Mustache, Head and Body Hair Golden Shaver  Runtime: 120 min Trimmer for Men",Personal Care,157,3.6,https://rukminim3.flixcart.com/image/546/564/xif0q/shopsy-trimmer/y/e/t/trimmer-1-4-mm-stainless-steel-sensational-metal-professional-original-imah5nyuwhgxcfym.jpeg?q=60,https://www.shopsy.in/trendy-styler-sensational-metal-professional-beard-mustache-head-and-body-hair-golden-shaver-runtime-120-min-trimmer-for-men/p/itm430b7f7bc868d?pid=XLPHDR9YZVM9YZVH&lid=LSTXLPHDR9YZVM9YZVHIJPFCH&marketplace=FLIPKART,no
Retail basket Gel Socks for Women & Men | Silicone Cushions for Support HG5 Heel Repair Heel Support,Personal Care,190,3.5,https://rukminim3.flixcart.com/image/546/564/xif0q/support/4/m/k/na-free-size-silicone-gel-heel-socks-for-dry-hard-cracked-heels-original-imagpf67yff6dshh.jpeg?q=60,https://www.shopsy.in/retail-basket-gel-socks-for-women-men-silicone-cushions-for-support-hg5-heel-repair-heel-support/p/itm430b7f7bc868d?pid=XLPHDR9YZVM9YZVH&lid=LSTXLPHDR9YZVM9YZVHIJPFCH&marketplace=FLIPKART,yes
"FUNKISH Beard, Mustache, Haircut, Trimmer Head and Body Hair Shaver For Men  Runtime: 20 min Trimmer for Women",Personal Care,146,N/A,https://rukminim3.flixcart.com/image/546/564/xif0q/shopsy-trimmer/3/d/0/-original-imahgg3tjhbhqegy.jpeg?q=60,https://www.shopsy.in/funkish-beard-mustache-haircut-trimmer-head-and-body-hair-shaver-for-men-runtime-20-min-trimmer-for-women/p/itm430b7f7bc868d?pid=XLPHDR9YZVM9YZVH&lid=LSTXLPHDR9YZVM9YZVHIJPFCH&marketplace=FLIPKART,yes
L'Oréal Paris Total Repair 5 Shampoo 650ml + Conditioner 175ml + Serum 40ml,Personal Care,418,4.4,https://rukminim3.flixcart.com/image/546/564/xif0q/combo-kit/1/n/c/-original-imagyztqdpmy22ty.jpeg?q=60,https://www.shopsy.in/loréal-paris-total-repair-5-shampoo-650ml-conditioner-175ml-serum-40ml/p/itm430b7f7bc868d?pid=XLPHDR9YZVM9YZVH&lid=LSTXLPHDR9YZVM9YZVHIJPFCH&marketplace=FLIPKART,yes
"AroMine Premium 100% Natural Beard Growth Oil-( Lavender & Cedarwood ) Hair Oil (30 ml) - No SLS, No Paraben Hair Oil",Personal Care,111,4,https://rukminim3.flixcart.com/image/546/564/kdhphu80/hair-oil/5/p/c/30-premium-100-natural-beard-growth-oil-lavender-cedarwood-hair-original-imafud4cem2uc9av.jpeg?q=60,https://www.shopsy.in/aromine-premium-100-natural-beard-growth-oil-lavender-cedarwood-hair-oil-30-ml-no-sls-no-paraben-hair-oil/p/itm430b7f7bc868d?pid=XLPHDR9YZVM9YZVH&lid=LSTXLPHDR9YZVM9YZVHIJPFCH&marketplace=FLIPKART,no
Dominaro Supar Strong Beard Growth Oil For Pachy Beard Oil 30ml Hair Oil,Personal Care,144,4.2,https://rukminim3.flixcart.com/image/546/564/kcjexe80/hair-oil/t/u/k/30-supar-strong-beard-growth-oil-for-pachy-beard-oil-30ml-original-imaftnd2zxygxknd.jpeg?q=60,https://www.shopsy.in/dominaro-supar-strong-beard-growth-oil-for-pachy-beard-oil-30ml-hair-oil/p/itm430b7f7bc868d?pid=XLPHDR9YZVM9YZVH&lid=LSTXLPHDR9YZVM9YZVHIJPFCH&marketplace=FLIPKART,no
Dravida Organics Argan Rich Beard Growth Oil Hair Oil,Personal Care,106,4,https://rukminim3.flixcart.com/image/546/564/xif0q/shopsy-hair-oil/h/6/g/30-argan-rich-beard-growth-oil-dravida-organics-original-imagtxmtykzpzgug.jpeg?q=60,https://www.shopsy.in/dravida-organics-argan-rich-beard-growth-oil-hair-oil/p/itm430b7f7bc868d?pid=XLPHDR9YZVM9YZVH&lid=LSTXLPHDR9YZVM9YZVHIJPFCH&marketplace=FLIPKART,yes
RND Beard Oil Conditione0 ml) Hair Oil,Personal Care,120,3.8,https://rukminim3.flixcart.com/image/546/564/kx7vc7k0/hair-oil/1/n/g/30-beard-oil-conditioner-all-natural-organic-argan-jojoba-oils-original-imag9px2nmmtgmrz.jpeg?q=60,https://www.shopsy.in/rnd-beard-oil-conditione0-ml-hair-oil/p/itm430b7f7bc868d?pid=XLPHDR9YZVM9YZVH&lid=LSTXLPHDR9YZVM9YZVHIJPFCH&marketplace=FLIPKART,yes
LAVNIK Trimmer HTC AT 528 NEW TRIMMER Hair Cutting Saving Classic Machine Trimmer  Runtime: 60 min Trimmer for Men & Women,Personal Care,300,3.8,https://rukminim3.flixcart.com/image/546/564/xif0q/shopsy-trimmer/g/t/b/-original-imahgg3tgwmx95ah.jpeg?q=60,https://www.shopsy.in/lavnik-trimmer-htc-at-528-new-trimmer-hair-cutting-saving-classic-machine-trimmer-runtime-60-min-trimmer-for-men-women/p/itm430b7f7bc868d?pid=XLPHDR9YZVM9YZVH&lid=LSTXLPHDR9YZVM9YZVHIJPFCH&marketplace=FLIPKART,yes
"Amola Newly Launched Best Xcuality At 509 Trimmer Face, Hair, Bodi - All-In-One Professional Styling Trimmer, Bodi Groomer, Nose & Ear Hair Trimming, Hair Clippers, Beard Combs  Runtime: 90 min Trimmer for Men & Women",Personal Care,330,3.9,https://rukminim3.flixcart.com/image/546/564/xif0q/shopsy-trimmer/v/v/n/trimmer-0-5-12-mm-stainless-steel-newly-launched-best-xcuality-original-imahfskdhtuzwnsa.jpeg?q=60,https://www.shopsy.in/amola-newly-launched-best-xcuality-at-509-trimmer-face-hair-bodi-all-in-one-professional-styling-trimmer-bodi-groomer-nose-ear-hair-trimming-hair-clippers-beard-combs-runtime-90-min-trimmer-for-men-women/p/itm430b7f7bc868d?pid=XLPHDR9YZVM9YZVH&lid=LSTXLPHDR9YZVM9YZVHIJPFCH&marketplace=FLIPKART,yes
FINARO hair trimmer hair cutting machine men | beard trimmer | shaving machine  Runtime: 45 min Trimmer for Men & Women,Personal Care,151,3.8,https://rukminim3.flixcart.com/image/546/564/xif0q/shopsy-trimmer/1/n/p/trimmer-0-25-9-mm-stainless-steel-face-hair-removal-machine-original-imah734uhgxphqdw.jpeg?q=60,https://www.shopsy.in/finaro-hair-trimmer-hair-cutting-machine-men-beard-trimmer-shaving-machine-runtime-45-min-trimmer-for-men-women/p/itm430b7f7bc868d?pid=XLPHDR9YZVM9YZVH&lid=LSTXLPHDR9YZVM9YZVHIJPFCH&marketplace=FLIPKART,yes
ED EXDAS Professional Salon Style Hair Dryer for Men and Women 2 Speed Hair Dryer,Personal Care,260,3.8,https://rukminim3.flixcart.com/image/546/564/xif0q/shopsy-hair-dryer/3/l/3/professional-salon-style-hair-dryer-for-men-and-women-2-speed-ed-original-imahd2qbzrgpz9na.jpeg?q=60,https://www.shopsy.in/ed-exdas-professional-salon-style-hair-dryer-for-men-and-women-2-speed-hair-dryer/p/itm430b7f7bc868d?pid=XLPHDR9YZVM9YZVH&lid=LSTXLPHDR9YZVM9YZVHIJPFCH&marketplace=FLIPKART,no
"INTIMIFY Professional Hair Clipper, Hair Trimmer & Shaver For Men, Stainless Steel Blade  Runtime: 120 min Trimmer for Men & Women",Personal Care,157,3.7,https://rukminim3.flixcart.com/image/546/564/xif0q/shopsy-trimmer/u/n/4/trimmer-0-25-9-mm-stainless-steel-professional-hair-clipper-hair-original-imah7c55xwyzwrut.jpeg?q=60,https://www.shopsy.in/intimify-professional-hair-clipper-hair-trimmer-shaver-for-men-stainless-steel-blade-runtime-120-min-trimmer-for-men-women/p/itm430b7f7bc868d?pid=XLPHDR9YZVM9YZVH&lid=LSTXLPHDR9YZVM9YZVHIJPFCH&marketplace=FLIPKART,no
"Gracious Trimmer for men AT-538 with Chargeable cable with stylish hair cutting capability, Multicolour  Runtime: 55 min Trimmer for Men",Personal Care,300,3.9,https://rukminim3.flixcart.com/image/546/564/xif0q/shopsy-trimmer/f/y/t/-original-imahgrfnsyvrhv7e.jpeg?q=60,https://www.shopsy.in/gracious-trimmer-for-men-at-538-with-chargeable-cable-with-stylish-hair-cutting-capability-multicolour-runtime-55-min-trimmer-for-men/p/itm430b7f7bc868d?pid=XLPHDR9YZVM9YZVH&lid=LSTXLPHDR9YZVM9YZVHIJPFCH&marketplace=FLIPKART,no
"DENVER Black Code,Caliber,Honour & Imperial Nano Deo | Long Lasting (50ml x 4) Deodorant Spray  -  For Men",Personal Care,224,3.9,https://rukminim3.flixcart.com/image/546/564/xif0q/deodorant/g/d/q/200-black-code-caliber-honour-imperial-nano-deo-long-lasting-original-imaheswfdazmnxfw.jpeg?q=60,https://www.shopsy.in/denver-black-codecaliberhonour-imperial-nano-deo-long-lasting-50ml-x-4-deodorant-spray-for-men/p/itm430b7f7bc868d?pid=XLPHDR9YZVM9YZVH&lid=LSTXLPHDR9YZVM9YZVHIJPFCH&marketplace=FLIPKART,yes
shaggy Waterproof Liquid Pocket Matte Mini Lipsticks Set of 4,Lipstick,59,3.5,https://rukminim3.flixcart.com/image/546/564/xif0q/shopsy-lipstick/l/c/8/4-waterproof-liquid-pocket-matte-mini-lipsticks-set-of-4-lara-original-imagssy7m2qdfbkc.jpeg?q=60,https://www.shopsy.in/shaggy-waterproof-liquid-pocket-matte-mini-lipsticks-set-of-4/p/itm430b7f7bc868d?pid=XLPHDR9YZVM9YZVH&lid=LSTXLPHDR9YZVM9YZVHIJPFCH&marketplace=FLIPKART,no
Vagons nude edition super stay water proof liquid matte lipstick set of 4,Lipstick,63,4,https://rukminim3.flixcart.com/image/546/564/xif0q/shopsy-lipstick/g/m/o/16-nude-edition-super-stay-water-proof-liquid-matte-lipstick-set-original-imah8zy2dywmmcez.jpeg?q=60,https://www.shopsy.in/vagons-nude-edition-super-stay-water-proof-liquid-matte-lipstick-set-of-4/p/itm430b7f7bc868d?pid=XLPHDR9YZVM9YZVH&lid=LSTXLPHDR9YZVM9YZVHIJPFCH&marketplace=FLIPKART,no
RVLIPS Matte Liquid Lipstick Set Multi Shade Collection Long Lasting And Moisturizing,Lipstick,102,4,https://rukminim3.flixcart.com/image/546/564/xif0q/shopsy-lipstick/s/y/z/10-matte-liquid-lipstick-set-multi-shade-collection-long-lasting-original-imahehq4yzxsjhfg.jpeg?q=60,https://www.shopsy.in/rvlips-matte-liquid-lipstick-set-multi-shade-collection-long-lasting-and-moisturizing/p/itm430b7f7bc868d?pid=XLPHDR9YZVM9YZVH&lid=LSTXLPHDR9YZVM9YZVHIJPFCH&marketplace=FLIPKART,yes
K3NTERPRISES Strawberry Glow Non-Transfer Matte Lipstick,Lipstick,125,N/A,https://rukminim3.flixcart.com/image/546/564/xif0q/shopsy-lipstick/e/e/2/6-strawberry-glow-non-transfer-matte-lipstick-k3nterprises-original-imaheyfgjknqhmar.jpeg?q=60,https://www.shopsy.in/k3nterprises-strawberry-glow-non-transfer-matte-lipstick/p/itm430b7f7bc868d?pid=XLPHDR9YZVM9YZVH&lid=LSTXLPHDR9YZVM9YZVHIJPFCH&marketplace=FLIPKART,yes
"Chip n Dale Non Transfer Lip Color |Matte Texture|12Hrs waterproof,Smudge Proof Lipsticks",Lipstick,118,3.6,https://rukminim3.flixcart.com/image/546/564/xif0q/shopsy-lipstick/8/g/n/16-non-transfer-lip-color-matte-texture-12hrs-waterproof-smudge-original-imah449juw7jfcrx.jpeg?q=60,https://www.shopsy.in/chip-n-dale-non-transfer-lip-color-matte-texture12hrs-waterproofsmudge-proof-lipsticks/p/itm430b7f7bc868d?pid=XLPHDR9YZVM9YZVH&lid=LSTXLPHDR9YZVM9YZVHIJPFCH&marketplace=FLIPKART,yes
GURIYA LIPSTICKS 3 ULTRA,Lipstick,50,3.6,https://rukminim3.flixcart.com/image/546/564/xif0q/shopsy-lipstick/l/l/r/30-lipsticks-3-ultra-guriya-original-imagvhryncpmcgzd.jpeg?q=60,https://www.shopsy.in/guriya-lipsticks-3-ultra/p/itm430b7f7bc868d?pid=XLPHDR9YZVM9YZVH&lid=LSTXLPHDR9YZVM9YZVHIJPFCH&marketplace=FLIPKART,no
AP-OVENEL JELLY FLOWER COLOUR CHANGING LIPSTICK,Lipstick,62,3.6,https://rukminim3.flixcart.com/image/546/564/xif0q/shopsy-lipstick/b/4/g/3-6-jelly-flower-colour-changing-lipstick-ap-ovenel-original-imahyuyzeqz2mkdp.jpeg?q=60,https://www.shopsy.in/ap-ovenel-jelly-flower-colour-changing-lipstick/p/itm430b7f7bc868d?pid=XLPHDR9YZVM9YZVH&lid=LSTXLPHDR9YZVM9YZVHIJPFCH&marketplace=FLIPKART,no
NattyU Huda Vibrant Velvet Matte Liquid Lip Color Set of 12 #HB2356,Lipstick,156,3.9,https://rukminim3.flixcart.com/image/546/564/xif0q/shopsy-lipstick/b/3/d/-original-imahgqzu836nspfk.jpeg?q=60,https://www.shopsy.in/nattyu-huda-vibrant-velvet-matte-liquid-lip-color-set-of-12-hb2356/p/itm430b7f7bc868d?pid=XLPHDR9YZVM9YZVH&lid=LSTXLPHDR9YZVM9YZVHIJPFCH&marketplace=FLIPKART,yes
"BR BELLE ROSA 4 in 1 Liquid Matte Lipstick – Bold Red Edition, Non-Transfer",Lipstick,106,3.8,https://rukminim3.flixcart.com/image/546/564/xif0q/shopsy-lipstick/o/t/n/6-4-in-1-liquid-matte-lipstick-bold-red-edition-non-transfer-br-original-imahfh6ybjunxr4g.jpeg?q=60,https://www.shopsy.in/br-belle-rosa-4-in-1-liquid-matte-lipstick-bold-red-edition-non-transfer/p/itm430b7f7bc868d?pid=XLPHDR9YZVM9YZVH&lid=LSTXLPHDR9YZVM9YZVHIJPFCH&marketplace=FLIPKART,yes
Kiss Beauty Liquid matte lipstick - Red edition,Lipstick,66,3.5,https://rukminim3.flixcart.com/image/546/564/xif0q/shopsy-lipstick/v/q/x/-original-imahgg3tcq4ryzp7.jpeg?q=60,https://www.shopsy.in/kiss-beauty-liquid-matte-lipstick-red-edition/p/itm430b7f7bc868d?pid=XLPHDR9YZVM9YZVH&lid=LSTXLPHDR9YZVM9YZVHIJPFCH&marketplace=FLIPKART,no
Nandiayan Velvet Matte Liquid Lipstick 12Pcs Combo Set for Women,Lipstick,243,3.8,https://rukminim3.flixcart.com/image/546/564/xif0q/shopsy-lipstick/i/s/p/2-5-velvet-matte-liquid-lipstick-12pcs-combo-set-for-women-original-imahdvmjgszfu8ka.jpeg?q=60,https://www.shopsy.in/nandiayan-velvet-matte-liquid-lipstick-12pcs-combo-set-for-women/p/itm430b7f7bc868d?pid=XLPHDR9YZVM9YZVH&lid=LSTXLPHDR9YZVM9YZVHIJPFCH&marketplace=FLIPKART,no
BB Looks Matte Me Liquid Lipstick Maroon,Lipstick,93,4.1,https://rukminim3.flixcart.com/image/546/564/xif0q/shopsy-lipstick/k/5/i/-original-imahgqztqrcpcyzv.jpeg?q=60,https://www.shopsy.in/bb-looks-matte-me-liquid-lipstick-maroon/p/itm430b7f7bc868d?pid=XLPHDR9YZVM9YZVH&lid=LSTXLPHDR9YZVM9YZVHIJPFCH&marketplace=FLIPKART,yes
Frippe Non Transfer lipsticks | Matt Red Edition Lip Shades | Waterproof Long Lasting,Lipstick,70,3.8,https://rukminim3.flixcart.com/image/546/564/xif0q/lipstick/8/h/1/36-non-transfer-lipsticks-matt-red-edition-lip-shades-waterproof-original-imagsxh3mudvgfzg.jpeg?q=60,https://www.shopsy.in/frippe-non-transfer-lipsticks-matt-red-edition-lip-shades-waterproof-long-lasting/p/itm430b7f7bc868d?pid=XLPHDR9YZVM9YZVH&lid=LSTXLPHDR9YZVM9YZVHIJPFCH&marketplace=FLIPKART,yes
PINNER London Popular Mini Matte Travel Combo Lipstick Set Of 12,Lipstick,75,3.6,https://rukminim3.flixcart.com/image/546/564/xif0q/lipstick/x/4/v/17-5-matte-crayon-mini-lipstick-set-of-12-shades-play-run-original-imag2jckhgkma94q.jpeg?q=60,https://www.shopsy.in/pinner-london-popular-mini-matte-travel-combo-lipstick-set-of-12/p/itm430b7f7bc868d?pid=XLPHDR9YZVM9YZVH&lid=LSTXLPHDR9YZVM9YZVHIJPFCH&marketplace=FLIPKART,yes
Chip n Dale Long wear waterproof Liquid matte Lipsticks,Lipstick,49,3.7,https://rukminim3.flixcart.com/image/546/564/xif0q/shopsy-lipstick/m/8/u/-original-imahgg3tegdrv7gg.jpeg?q=60,https://www.shopsy.in/chip-n-dale-long-wear-waterproof-liquid-matte-lipsticks/p/itm430b7f7bc868d?pid=XLPHDR9YZVM9YZVH&lid=LSTXLPHDR9YZVM9YZVHIJPFCH&marketplace=FLIPKART,no
Flemmi Non Transfer Lip Color | Matte Texture |12hrs waterproof Lipsticks,Lipstick,103,3.8,https://rukminim3.flixcart.com/image/546/564/xif0q/shopsy-lipstick/k/d/f/-original-imahgqzu48r2svjy.jpeg?q=60,https://www.shopsy.in/flemmi-non-transfer-lip-color-matte-texture-12hrs-waterproof-lipsticks/p/itm430b7f7bc868d?pid=XLPHDR9YZVM9YZVH&lid=LSTXLPHDR9YZVM9YZVHIJPFCH&marketplace=FLIPKART,no
Sheffo Lipstick Combo Pack of 4Pc Mini Lipstick with 5in1 Fab Lip Color + 36H EyeLiner,Lipstick,110,3.8,https://rukminim3.flixcart.com/image/546/564/xif0q/shopsy-lipstick/5/z/a/20-lipstick-combo-pack-of-4pc-mini-lipstick-with-5in1-fab-lip-original-imagv7hz6dtbekrb.jpeg?q=60,https://www.shopsy.in/sheffo-lipstick-combo-pack-of-4pc-mini-lipstick-with-5in1-fab-lip-color-36h-eyeliner/p/itm430b7f7bc868d?pid=XLPHDR9YZVM9YZVH&lid=LSTXLPHDR9YZVM9YZVHIJPFCH&marketplace=FLIPKART,no
Uchiha 5in1 Red & Nude Edition Matte Multicolour Lipsticks & Black Kajal & 36H EyeLiner,Lipstick,114,3.6,https://rukminim3.flixcart.com/image/546/564/xif0q/shopsy-lipstick/j/s/e/10-5in1-red-nude-edition-matte-multicolour-lipsticks-black-kajal-original-imahfgycchs7yczq.jpeg?q=60,https://www.shopsy.in/uchiha-5in1-red-nude-edition-matte-multicolour-lipsticks-black-kajal-36h-eyeliner/p/itm430b7f7bc868d?pid=XLPHDR9YZVM9YZVH&lid=LSTXLPHDR9YZVM9YZVHIJPFCH&marketplace=FLIPKART,no
K3NTERPRISES Berry Bliss Smudge-Proof Matte Liquid Lipstick,Lipstick,90,4,https://rukminim3.flixcart.com/image/546/564/xif0q/shopsy-lipstick/h/5/9/6-berry-bliss-smudge-proof-matte-liquid-lipstick-k3nterprises-original-imaheyfmrdamejbc.jpeg?q=60,https://www.shopsy.in/k3nterprises-berry-bliss-smudge-proof-matte-liquid-lipstick/p/itm430b7f7bc868d?pid=XLPHDR9YZVM9YZVH&lid=LSTXLPHDR9YZVM9YZVHIJPFCH&marketplace=FLIPKART,no
FLIPZON WaterProof Liquid Matte Lipstick Combo Pack of 4 nude edition,Lipstick,53,N/A,https://rukminim3.flixcart.com/image/546/564/xif0q/lipstick/8/3/0/4-gorgeous-trending-beauty-lipstiks-combo-of-4-pcs-liquid-mini-original-imahdupcwerdnhtn.jpeg?q=60,https://www.shopsy.in/flipzon-waterproof-liquid-matte-lipstick-combo-pack-of-4-nude-edition/p/itm430b7f7bc868d?pid=XLPHDR9YZVM9YZVH&lid=LSTXLPHDR9YZVM9YZVHIJPFCH&marketplace=FLIPKART,no
BB LOOKS BEAUTY Waterproof Long lasting Liquid Matte Mini Lipstick Combo Pack Of 4,Lipstick,109,3.7,https://rukminim3.flixcart.com/image/546/564/xif0q/shopsy-lipstick/y/8/a/16-waterproof-long-lasting-liquid-matte-mini-lipstick-combo-pack-original-imagvjyjjquhhtst.jpeg?q=60,https://www.shopsy.in/bb-looks-beauty-waterproof-long-lasting-liquid-matte-mini-lipstick-combo-pack-of-4/p/itm430b7f7bc868d?pid=XLPHDR9YZVM9YZVH&lid=LSTXLPHDR9YZVM9YZVHIJPFCH&marketplace=FLIPKART,yes
Bingeable HDA 64 Liquid Matt 4in1 Red Edition Brush Lipsticks,Lipstick,85,3.8,https://rukminim3.flixcart.com/image/546/564/l1i6w7k0/shopsy-lipstick/k/q/e/20-hda-64-liquid-matt-4in1-red-edition-brush-lipsticks-bingeable-original-imagdfg2pzdjmu8y.jpeg?q=60,https://www.shopsy.in/bingeable-hda-64-liquid-matt-4in1-red-edition-brush-lipsticks/p/itm430b7f7bc868d?pid=XLPHDR9YZVM9YZVH&lid=LSTXLPHDR9YZVM9YZVHIJPFCH&marketplace=FLIPKART,yes
Chip N Dale Non Transfer Waterproof Long last Sensational Liquid Matte Mini Lipsticks,Lipstick,60,3.9,https://rukminim3.flixcart.com/image/546/564/xif0q/shopsy-lipstick/o/a/j/-original-imahgg3tree5bmcb.jpeg?q=60,https://www.shopsy.in/chip-n-dale-non-transfer-waterproof-long-last-sensational-liquid-matte-mini-lipsticks/p/itm430b7f7bc868d?pid=XLPHDR9YZVM9YZVH&lid=LSTXLPHDR9YZVM9YZVHIJPFCH&marketplace=FLIPKART,yes
NattyU Huda Color LuxeMatte Velvet Liquid Lip Color Collection - Set of 12,Lipstick,155,4,https://rukminim3.flixcart.com/image/546/564/xif0q/shopsy-lipstick/z/t/u/-original-imahgqzuqz6nzhva.jpeg?q=60,https://www.shopsy.in/nattyu-huda-color-luxematte-velvet-liquid-lip-color-collection-set-of-12/p/itm430b7f7bc868d?pid=XLPHDR9YZVM9YZVH&lid=LSTXLPHDR9YZVM9YZVHIJPFCH&marketplace=FLIPKART,yes
YELGO Aloevera Matte Lipstick Highly pigmented,Lipstick,70,3.9,https://rukminim3.flixcart.com/image/546/564/xif0q/shopsy-lipstick/c/u/k/8-aloevera-matte-lipstick-highly-pigmented-yelgo-original-imagx2takstthehe.jpeg?q=60,https://www.shopsy.in/yelgo-aloevera-matte-lipstick-highly-pigmented/p/itm430b7f7bc868d?pid=XLPHDR9YZVM9YZVH&lid=LSTXLPHDR9YZVM9YZVHIJPFCH&marketplace=FLIPKART,yes
Chip n Dale Long Lasting waterproof Liquid matte Lipsticks,Lipstick,58,3.8,https://rukminim3.flixcart.com/image/546/564/xif0q/shopsy-lipstick/w/b/y/-original-imahgg3tyew9ccsd.jpeg?q=60,https://www.shopsy.in/chip-n-dale-long-lasting-waterproof-liquid-matte-lipsticks/p/itm430b7f7bc868d?pid=XLPHDR9YZVM9YZVH&lid=LSTXLPHDR9YZVM9YZVHIJPFCH&marketplace=FLIPKART,no
FASHION COLOUR LIP CRAYON SHADE 01,Lipstick,119,3.8,https://rukminim3.flixcart.com/image/546/564/xif0q/shopsy-lipstick/x/s/2/2-8-lip-crayon-shade-01-fashion-colour-original-imahe4e2mrcdhhvn.jpeg?q=60,https://www.shopsy.in/fashion-colour-lip-crayon-shade-01/p/itm430b7f7bc868d?pid=XLPHDR9YZVM9YZVH&lid=LSTXLPHDR9YZVM9YZVHIJPFCH&marketplace=FLIPKART,yes
Ramp Walk Xpression Silky Matte Lipstick,Lipstick,151,3.6,https://rukminim3.flixcart.com/image/546/564/xif0q/lipstick/b/z/y/3-5-xpression-silky-matte-lipstick-ramp-walk-original-imagrxz6xtxeczge.jpeg?q=60,https://www.shopsy.in/ramp-walk-xpression-silky-matte-lipstick/p/itm430b7f7bc868d?pid=XLPHDR9YZVM9YZVH&lid=LSTXLPHDR9YZVM9YZVHIJPFCH&marketplace=FLIPKART,no
Rastic Waterproof Longlast SensationaL Liquid Matte Mini Lipsticks Combo Of 8,Lipstick,114,3.6,https://rukminim3.flixcart.com/image/546/564/xif0q/shopsy-lipstick/q/2/z/16-waterproof-longlast-sensational-liquid-matte-mini-lipsticks-original-imah5rfxbtmjzq2q.jpeg?q=60,https://www.shopsy.in/rastic-waterproof-longlast-sensational-liquid-matte-mini-lipsticks-combo-of-8/p/itm430b7f7bc868d?pid=XLPHDR9YZVM9YZVH&lid=LSTXLPHDR9YZVM9YZVHIJPFCH&marketplace=FLIPKART,yes
BLUEFUSION Non Transfer Lip Color |Matte Texture| 12 Hrs Waterproof|Smudge Proof,Lipstick,102,3.9,https://rukminim3.flixcart.com/image/546/564/xif0q/shopsy-lipstick/2/m/z/16-super-stay-matte-ink-bold-liquid-lipstick-matte-texture-12-original-imahdftmkf2nnnng.jpeg?q=60,https://www.shopsy.in/bluefusion-non-transfer-lip-color-matte-texture-12-hrs-waterproofsmudge-proof/p/itm430b7f7bc868d?pid=XLPHDR9YZVM9YZVH&lid=LSTXLPHDR9YZVM9YZVHIJPFCH&marketplace=FLIPKART,no
Seven Seas Matte With You Long Lasting Smooth & Soft Application Non-Transfer Lipstick,Lipstick,133,4,https://rukminim3.flixcart.com/image/546/564/xif0q/lipstick/m/8/m/5-velvet-matte-lipstick-seven-seas-original-imah4yk7peesraen.jpeg?q=60,https://www.shopsy.in/seven-seas-matte-with-you-long-lasting-smooth-soft-application-non-transfer-lipstick/p/itm430b7f7bc868d?pid=XLPHDR9YZVM9YZVH&lid=LSTXLPHDR9YZVM9YZVHIJPFCH&marketplace=FLIPKART,yes
Seven Seas Lips & Cheek Tint Combo Pack Of 2 Enriched With Vitamin C Tint With Brush,Lipstick,180,3.9,https://rukminim3.flixcart.com/image/546/564/xif0q/shopsy-lipstick/v/d/p/16-lips-cheek-tint-combo-pack-of-2-enriched-with-vitamin-c-tint-original-imah6gyvs6hcr83v.jpeg?q=60,https://www.shopsy.in/seven-seas-lips-cheek-tint-combo-pack-of-2-enriched-with-vitamin-c-tint-with-brush/p/itm430b7f7bc868d?pid=XLPHDR9YZVM9YZVH&lid=LSTXLPHDR9YZVM9YZVHIJPFCH&marketplace=FLIPKART,no
SILEOSA Liquid Matte Waterproof Lipstick Stays Upto12 Hrs,Lipstick,64,3.5,https://rukminim3.flixcart.com/image/546/564/xif0q/shopsy-lipstick/h/q/w/16-liquid-matte-waterproof-lipstick-stays-upto12-hrs-sileosa-original-imagxyuccz8yrasf.jpeg?q=60,https://www.shopsy.in/sileosa-liquid-matte-waterproof-lipstick-stays-upto12-hrs/p/itm430b7f7bc868d?pid=XLPHDR9YZVM9YZVH&lid=LSTXLPHDR9YZVM9YZVHIJPFCH&marketplace=FLIPKART,yes
"kHUDAt Matte lipstick set of 6 (multicolor) (Multicolor, 3.2 g)",Lipstick,110,3.5,https://rukminim3.flixcart.com/image/546/564/xif0q/shopsy-lipstick/w/h/d/4-5-matte-lipstick-set-of-6-multicolor-multicolor-3-2-g-khudat-original-imagjurczwzzgyvv.jpeg?q=60,https://www.shopsy.in/khudat-matte-lipstick-set-of-6-multicolor-multicolor-32-g/p/itm430b7f7bc868d?pid=XLPHDR9YZVM9YZVH&lid=LSTXLPHDR9YZVM9YZVHIJPFCH&marketplace=FLIPKART,no
K3NTERPRISES Luxe Lips Collection: 8 Shades of Glam,Lipstick,150,3.9,https://rukminim3.flixcart.com/image/546/564/xif0q/lipstick/e/1/c/32-vibrant-velvety-8-liquid-lipstick-must-haves-nxgtya-original-imahbugfkakrxy6j.jpeg?q=60,https://www.shopsy.in/k3nterprises-luxe-lips-collection-8-shades-of-glam/p/itm430b7f7bc868d?pid=XLPHDR9YZVM9YZVH&lid=LSTXLPHDR9YZVM9YZVHIJPFCH&marketplace=FLIPKART,no
SHAGGY Forever Matte Liquid Lip Maroon Colour,Lipstick,70,N/A,https://rukminim3.flixcart.com/image/546/564/xif0q/lipstick/x/p/u/6-non-transfer-smudge-proof-longlasting-sensational-maroon-original-imaguu8pjgzp83pc.jpeg?q=60,https://www.shopsy.in/shaggy-forever-matte-liquid-lip-maroon-colour/p/itm430b7f7bc868d?pid=XLPHDR9YZVM9YZVH&lid=LSTXLPHDR9YZVM9YZVHIJPFCH&marketplace=FLIPKART,yes
VBA Lovely LipGloss LongLasting Candy Dyeing LipTint Sweetly Flavour Liquid Lipstick,Lipstick,183,5,https://rukminim3.flixcart.com/image/546/564/xif0q/lipstick/n/c/f/15-lovely-lipgloss-longlasting-candy-dyeing-liptint-sweetly-original-imah8mpysvpfgwfx.jpeg?q=60,https://www.shopsy.in/vba-lovely-lipgloss-longlasting-candy-dyeing-liptint-sweetly-flavour-liquid-lipstick/p/itm430b7f7bc868d?pid=XLPHDR9YZVM9YZVH&lid=LSTXLPHDR9YZVM9YZVHIJPFCH&marketplace=FLIPKART,no
"Seven Seas Seven Seas Lip To Lip Matte Lipstick High Coverage (Crown OF Thorns-I, 4.2 g)",Lipstick,105,4,https://rukminim3.flixcart.com/image/546/564/xif0q/shopsy-lipstick/m/p/d/seven-seas-lip-to-lip-matte-lipstick-high-coverage-crown-of-original-imahyq6szkzfh3qk.jpeg?q=60,https://www.shopsy.in/seven-seas-seven-seas-lip-to-lip-matte-lipstick-high-coverage-crown-of-thorns-i-42-g/p/itm430b7f7bc868d?pid=XLPHDR9YZVM9YZVH&lid=LSTXLPHDR9YZVM9YZVHIJPFCH&marketplace=FLIPKART,yes
ONFROI Pack 8 Pic Lipstick Long-Lasting Smooth Waterproof Multicolor Lips Gloss Up,Lipstick,117,3.9,https://rukminim3.flixcart.com/image/546/564/xif0q/shopsy-lipstick/q/z/6/38-pack-8-pic-lipstick-long-lasting-smooth-waterproof-multicolor-original-imahfy3swhthnzmn.jpeg?q=60,https://www.shopsy.in/onfroi-pack-8-pic-lipstick-long-lasting-smooth-waterproof-multicolor-lips-gloss-up/p/itm430b7f7bc868d?pid=XLPHDR9YZVM9YZVH&lid=LSTXLPHDR9YZVM9YZVHIJPFCH&marketplace=FLIPKART,yes
"Ressure Matte Mini Primer Fixer Foundation Compact Concealer, Puff, 36h, Red Mini, Mixed Fruit 15ml",Lipstick,154,3.5,https://rukminim3.flixcart.com/image/546/564/xif0q/shopsy-lipstick/q/a/c/100-primer-fixer-foundation-compact-concealer-puff-36h-red-mini-original-imahahyhvwgganth.jpeg?q=60,https://www.shopsy.in/ressure-matte-mini-primer-fixer-foundation-compact-concealer-puff-36h-red-mini-mixed-fruit-15ml/p/itm430b7f7bc868d?pid=XLPHDR9YZVM9YZVH&lid=LSTXLPHDR9YZVM9YZVHIJPFCH&marketplace=FLIPKART,yes
